"login","password","role","favGames","phoneNumber","numOverDueGames"
"aaronhaley63","OuDt9m4UJ","customer","Dota 2,Genshin Impact,The Sims","+1-878-625-7461",0
"aaronhenson22","JK0sN3I9I","customer","League of Legends,Minecraft","+1-609-941-2140",0
"aaronjones53","L2fAne5eHD","customer","Call of Duty,World of Warcraft,Fortnite,Counter-Strike,Roblox","+1-890-890-1459",0
"adamcox80","8FWui0cy","customer","Counter-Strike,Rocket League","+1-856-493-4729",0
"alanjohnston97","0kxjSm1r47W","customer","Fortnite,League of Legends,Dota 2","+1-233-729-3506",0
"alexandercooper81","5Yi71hlJH","customer","PUBG,Valorant,Counter-Strike,Dota 2,Apex Legends","+1-859-266-5528",0
"alexanderellis52","7Rq28fqCoB","customer","Halo","+1-593-809-7281",0
"alexanderfletcher97","DfnRV0","customer","Call of Duty","+1-354-463-3893",0
"alexandermendoza16","l4xwRAYW","customer","Call of Duty,FIFA,Fortnite,World of Warcraft","+1-525-461-6978",0
"alexandrataylor79","jivcup3","customer","Among Us,League of Legends","+1-419-757-6591",0
"allenramos63","GpVjuyZhr","customer","Destiny 2,Genshin Impact,League of Legends,Counter-Strike,Roblox","+1-259-653-8678",0
"alvinbell2","rYY3DRSVhQ","customer","World of Warcraft","+1-834-453-8994",0
"amandabennett14","O916f263N","customer","Valorant,Fortnite,Genshin Impact,League of Legends,Dota 2","+1-860-919-2619",0
"amandajackson10","Zyo5mtyOYb","customer","Call of Duty,Fortnite,Counter-Strike,PUBG","+1-233-126-3158",0
"amandanelson56","5e3LDSJF","customer","The Sims,Fortnite,Minecraft,Among Us,Apex Legends","+1-210-759-8718",0
"amandathompson36","FGZf4tuS","customer","Dota 2,Overwatch,FIFA,Minecraft,Battlefield","+1-252-512-2416",0
"amandavelez12","iJ0J7I","customer","PUBG","+1-517-619-5168",0
"amandawu70","YzP2EZZw3T","customer","Minecraft,Call of Duty,FIFA","+1-510-346-7341",0
"amberaguilar33","hDCXpeHc","customer","World of Warcraft,FIFA,League of Legends","+1-701-853-5389",0
"amberbaker90","oXryj7gJ2","customer","Destiny 2,Apex Legends,FIFA","+1-424-202-8653",0
"amberhebert57","ZtRU4","customer","Battlefield","+1-442-262-1880",0
"ambermitchell7","1Kt5Qxaqh0K","customer","Overwatch,Genshin Impact,Call of Duty","+1-879-534-9993",0
"amberrasmussen80","Kegr8ZjIB","customer","Apex Legends,Counter-Strike,The Sims,Valorant","+1-232-877-1445",0
"ambersmith90","aAXXccrd","customer","Counter-Strike,The Sims","+1-564-543-5454",0
"amyalexander19","UilUZXCb","customer","FIFA,Apex Legends,Fortnite,Counter-Strike","+1-262-506-4449",0
"amyhendricks84","p0RIkG8v","customer","Destiny 2","+1-142-805-6181",0
"amyhernandez24","c2u95z","customer","League of Legends,Halo","+1-594-484-1032",0
"amypacheco12","KnInWxmdo","customer","Call of Duty,Halo","+1-205-580-7483",0
"andreacooper24","iiraYfbBx","customer","Call of Duty,Genshin Impact","+1-192-858-9591",0
"andreagross26","9AEZ9lus","customer","FIFA,Rocket League,Apex Legends,The Sims,Destiny 2","+1-567-807-5713",0
"andrecox68","glxYFmxW","customer","Among Us,Destiny 2,Dota 2,Rocket League,Valorant","+1-483-508-9829",0
"andrewchen34","glPyVZjnO1","customer","Fortnite,Dota 2,Destiny 2,Battlefield","+1-969-414-9831",0
"andrewcohen77","YxV13I0","customer","Dota 2,Call of Duty,Roblox,Halo,Among Us","+1-294-178-3897",0
"andrewrosales38","KdYVEr","customer","Battlefield,World of Warcraft,PUBG,Minecraft,Genshin Impact","+1-704-795-6120",0
"andrewsummers59","7mgNs","customer","Counter-Strike,Battlefield,Genshin Impact,Halo,Roblox","+1-984-507-3162",0
"angelabarker19","XBHZd8KCB","customer","League of Legends,Counter-Strike,Battlefield,FIFA","+1-544-264-5376",0
"angelafernandez52","EsLfUp","customer","PUBG","+1-260-284-2986",0
"angelamontgomery56","oq7kFkwC2","customer","Fortnite,The Sims","+1-731-299-9488",0
"angelanielsen59","WZTnmN","customer","The Sims","+1-685-703-2272",0
"angelarivas89","DUXB2y8Mr","customer","Destiny 2,Roblox","+1-955-188-8052",0
"anitariley67","vgI0XTO4i","customer","Valorant,World of Warcraft,Destiny 2,Fortnite,Roblox","+1-598-373-8245",0
"annakoch91","Aatr4jJYj","customer","Dota 2,Fortnite,Genshin Impact,Counter-Strike,The Sims","+1-539-832-9854",0
"anthonychen17","SCEWFSmw","customer","Destiny 2,Among Us,Overwatch,League of Legends","+1-268-187-1307",0
"anthonymccoy29","ya3dwZSMoo","customer","Counter-Strike,Among Us,World of Warcraft,Destiny 2","+1-492-895-1241",0
"aprilwilliams6","Z34itrUS","customer","World of Warcraft,Halo,Destiny 2,Battlefield","+1-966-329-2723",0
"ashleykelly15","ewGMgKwZ","customer","Fortnite,Rocket League","+1-366-395-8322",0
"barbarakim75","uanw","customer","Battlefield,Apex Legends,The Sims","+1-360-431-9017",0
"barbaraweaver89","rPD68lY","customer","Among Us,Valorant","+1-802-590-6292",0
"beckyhall35","8S4xqqU4p","customer","Destiny 2,World of Warcraft","+1-334-380-8859",0
"billycarr33","ov4IJrzr","customer","The Sims,Valorant,Call of Duty,Overwatch","+1-686-730-9139",0
"billyhughes71","YDUnl8VIM","customer","Overwatch,Dota 2,Counter-Strike,Call of Duty,Among Us","+1-497-982-9118",0
"bradleyjackson24","vSOOF","customer","Fortnite,Valorant,World of Warcraft,PUBG,Overwatch","+1-114-142-7671",0
"bradleylane80","TiyLFbd","customer","Counter-Strike,Roblox,World of Warcraft,Dota 2","+1-878-441-1824",0
"bradleynorman26","hQmA3surH6","customer","Rocket League","+1-789-680-8621",0
"brandianderson95","NbDSbKtGV","customer","Counter-Strike","+1-636-435-6491",0
"brandonbrady37","c9h03GJ1b","customer","FIFA,Call of Duty","+1-564-542-4448",0
"brandonsnyder90","tvZJwBF","customer","League of Legends,Counter-Strike","+1-208-330-8272",0
"brandonwatson92","JVvOmZKR","customer","Halo","+1-250-464-6820",0
"brendahampton57","Czh2UjFK","customer","Counter-Strike","+1-650-357-4858",0
"brianbradley6","etNaZF","customer","Fortnite,Apex Legends,Roblox,Minecraft","+1-757-295-3956",0
"briancoleman69","IHaS0","customer","Battlefield,Dota 2","+1-659-383-2626",0
"brianfletcher97","ty1LlN","customer","Halo","+1-245-705-7417",0
"brianmacdonald90","84AuDY","customer","Overwatch","+1-634-816-4005",0
"brianmcbride65","cPiQyVsg","customer","FIFA,Destiny 2,Dota 2,PUBG","+1-885-590-2376",0
"brucemartin26","7G6kkjZpl","customer","Minecraft","+1-637-763-5975",0
"caitlinharris43","V95gnB6","customer","Battlefield,Call of Duty,Among Us,Roblox","+1-801-147-9264",0
"cameronlawrence41","OD07nYVDFB","customer","The Sims","+1-824-149-4811",0
"candicemeyer60","W8tmt9v","customer","FIFA,Minecraft","+1-154-669-1571",0
"carlyreilly60","HacthwS","customer","Battlefield,Call of Duty,Destiny 2,Minecraft","+1-725-766-5852",0
"carolmorris37","SuE64VHmI3f","customer","Dota 2,Counter-Strike,Among Us,Call of Duty,Roblox","+1-375-642-1506",0
"caseymata73","JrraFE9Rx","customer","The Sims,Overwatch,Counter-Strike","+1-276-386-1832",0
"catherineneal86","lvX7KH","customer","Rocket League,Minecraft,The Sims,Overwatch","+1-103-603-5727",0
"catherinewhite30","2e6izml2u","customer","Destiny 2,Among Us,Apex Legends,Rocket League,Overwatch","+1-849-595-1185",0
"chadbrown52","PMX8Hj6D5","customer","Rocket League,Roblox,League of Legends","+1-570-895-6808",0
"chadgilbert24","XVhpN5Lpyv","customer","FIFA,Battlefield,Call of Duty,Roblox,Minecraft","+1-876-338-3841",0
"cherylpayne10","zrxGELF1uA","customer","PUBG,Battlefield","+1-520-404-7770",0
"christianhayes74","Nden5GPp1","customer","Call of Duty,Valorant,Genshin Impact,PUBG","+1-572-952-8535",0
"christianholt92","cxMYqcq6a1","customer","Among Us,Dota 2","+1-991-184-2524",0
"christianrivas99","bYeIQaU1t","customer","Minecraft","+1-413-915-7248",0
"christinamcclain70","kHzA7","customer","Minecraft,The Sims,Fortnite,Destiny 2,Roblox","+1-125-203-3681",0
"christinekent69","QlxuYhV","customer","Battlefield,Genshin Impact,Valorant,The Sims,PUBG","+1-495-690-6152",0
"christinemolina69","HD1moZfJX","customer","FIFA,Halo,Overwatch,PUBG","+1-426-446-6723",0
"christinenewmandvm80","4rFXNz","customer","Roblox,Fortnite,Destiny 2,Call of Duty","+1-861-217-4376",0
"christopherbest1","bFx5kPtNJ","customer","Overwatch","+1-685-125-3361",0
"christopherdavis57","TGPxJB7C","customer","Rocket League,World of Warcraft,Halo,Apex Legends,Fortnite","+1-218-709-5537",0
"christopherdunn94","XpAj0k5Zs8","customer","Dota 2,Counter-Strike,Overwatch,Destiny 2,Rocket League","+1-625-769-2724",0
"christopherfranklin45","IQM6e0w","customer","Halo,Dota 2,Minecraft","+1-904-232-4275",0
"christopherhopkins9","Kom4P0hXXC","customer","Genshin Impact,Overwatch,Destiny 2,Among Us,Dota 2","+1-758-708-8532",0
"christophermathews58","cD8n6u8B","customer","Dota 2,Roblox,Rocket League,Destiny 2","+1-641-617-2325",0
"christophermorrison27","N45ybCIU","customer","Minecraft,World of Warcraft,Destiny 2","+1-760-629-9156",0
"christophernichols17","gzykzGHjX3","customer","Rocket League,FIFA","+1-423-656-1467",0
"christopherpalmer67","2Gh9iIs","customer","Among Us","+1-536-840-5603",0
"christopherroberts25","1g5br2VDW","customer","Minecraft,Fortnite,Roblox","+1-919-359-8479",0
"christopherunderwood76","m5IkNz7","customer","Halo,Counter-Strike","+1-676-508-5458",0
"christophervang9","ibdYXPH9kr","customer","Minecraft,Apex Legends","+1-496-639-7189",0
"clintonsmith81","P0B3Aq","customer","FIFA,Counter-Strike,Dota 2,Genshin Impact","+1-639-163-2875",0
"codyshaw3","IOuPYbUv","customer","FIFA,Fortnite","+1-724-108-5278",0
"codysmith95","igVmnOyAj","customer","PUBG,Overwatch,World of Warcraft","+1-471-771-5038",0
"colleenkane58","U8jOM98","customer","World of Warcraft","+1-848-940-7170",0
"coreykramer88","edOzQkHhH8","customer","PUBG","+1-319-674-7681",0
"courtneyjones12","pILRFwD","customer","Destiny 2,Among Us,World of Warcraft","+1-901-472-8146",0
"craigbaker35","vDgWF","customer","Battlefield","+1-984-474-6657",0
"cristinajohnson24","FwLFn3tI","customer","Destiny 2,League of Legends","+1-874-781-8274",0
"cynthiajames16","rXz9hdI6R","customer","League of Legends,Overwatch,Minecraft,Genshin Impact","+1-616-314-9953",0
"cynthiamartinezdvm60","CEwWZASUj","customer","PUBG,Halo","+1-401-144-8735",0
"cynthiataylor23","wVCwyPvF","customer","Counter-Strike,Apex Legends,League of Legends,Dota 2","+1-432-634-5748",0
"cynthiawaters76","GnO0G8g","customer","Genshin Impact","+1-359-781-6457",0
"danielhayes18","a6YO3R","customer","Fortnite,Dota 2,Call of Duty","+1-919-475-6377",0
"danielnguyen48","UP7gF","customer","The Sims,PUBG,Among Us,Halo,Rocket League","+1-865-462-5617",0
"danielphillips57","R5z5hn","customer","Battlefield,Counter-Strike","+1-836-480-9861",0
"dannymcintyre58","JMscAhyO","customer","Destiny 2,Counter-Strike,The Sims","+1-921-166-8094",0
"darlenejacksonmd34","k5dHMSQzo","customer","Roblox","+1-949-897-3585",0
"darrellrodriguez18","2sbXj","customer","Rocket League,Destiny 2,Fortnite,FIFA","+1-991-287-2848",0
"davidbender86","WBdh2U8","customer","The Sims,Valorant,PUBG","+1-420-968-9916",0
"davidboyd5","gZwDtqL","customer","Halo,PUBG","+1-584-535-4270",0
"davidfranco53","3hCEcx","customer","Counter-Strike,The Sims,PUBG,Genshin Impact,Destiny 2","+1-603-964-1537",0
"davidmorgan47","wAcwae","customer","Halo,Counter-Strike","+1-330-130-2400",0
"davidschultz30","iQvVDe9","customer","Apex Legends,Overwatch,Fortnite,Valorant,FIFA","+1-687-508-9649",0
"davidsimmons98","WvPZMtKE","customer","Roblox","+1-646-723-9922",0
"davidwilliams39","ehXEQmPPTC","customer","Destiny 2,Fortnite,Minecraft,Apex Legends","+1-502-962-1194",0
"debbiefuentes67","iRuT3","customer","Battlefield,Rocket League,Genshin Impact,Destiny 2,League of Legends","+1-430-974-6528",0
"debrajohnson51","fNsQCoST","customer","The Sims,Call of Duty,FIFA,Halo","+1-629-937-1866",0
"deniseward5","Brxj2","customer","Fortnite,Halo,Overwatch","+1-331-439-8515",0
"dennishughes30","8Q2XLhwh","customer","The Sims,Valorant,FIFA,Call of Duty","+1-997-200-6840",0
"denniskramer16","MHQJ9e1xP","customer","Fortnite,League of Legends,Counter-Strike","+1-458-577-4276",0
"dereksmith84","IIjvn7N8","customer","Roblox,League of Legends,Apex Legends,Counter-Strike","+1-900-818-4718",0
"desireewall15","rNpDtBFp","customer","League of Legends","+1-477-191-6113",0
"donaldaustin86","6KDxmKww","customer","FIFA,Fortnite","+1-648-237-1201",0
"donaldcoleman4","EL9bco9V","customer","PUBG,Call of Duty,Counter-Strike,Among Us,Minecraft","+1-529-352-8455",0
"donaldturner12","BYWdu5","customer","PUBG,Destiny 2,Call of Duty","+1-671-803-8303",0
"donnaking40","e8iiPT7K","customer","Counter-Strike,Minecraft,Overwatch,World of Warcraft","+1-502-190-2929",0
"doristurner19","AiwbV92","customer","Call of Duty,Rocket League,Apex Legends,Among Us","+1-516-804-9406",0
"jennifersanchez19","CjUTMpBf","customer","Minecraft,Fortnite","+1-477-701-6455",0
"nataliemiller98","OP4uF","customer","Counter-Strike,Call of Duty","+1-199-963-8472",0
"dustinsmith34","kY56KLAV","customer","FIFA","+1-687-859-2590",0
"elainemcdonald30","5KLoJa4BgM","customer","Overwatch,League of Legends","+1-142-757-8598",0
"elizabethmendez17","YV0VIYT","customer","League of Legends,World of Warcraft,Rocket League,Among Us","+1-406-315-9005",0
"elizabethphillips57","y7IAhP6R","customer","Genshin Impact,Valorant","+1-845-782-4288",0
"elizabethsummers18","fpwbzk","customer","Halo,Roblox,Fortnite,Battlefield,Overwatch","+1-844-265-8919",0
"elizabethturner43","2GOUJ7Y","customer","Counter-Strike,Valorant,Rocket League,Overwatch","+1-727-333-5350",0
"emilyjackson6","Zoe9Lj5tLh","customer","Counter-Strike,Apex Legends","+1-515-218-9849",0
"emilylewis20","vFOgjBFv","customer","Minecraft,Halo","+1-916-419-1414",0
"emilylucas61","HUaLJEXn","customer","Apex Legends,Destiny 2,Overwatch,League of Legends","+1-111-190-8428",0
"ericblankenship12","zBpyroCt","customer","PUBG,Halo,Call of Duty,Destiny 2","+1-440-905-3730",0
"ericmartinez64","M2FMEEX","customer","Dota 2,Minecraft","+1-231-736-1024",0
"erindaugherty85","EFqYqeVL","customer","Overwatch,PUBG,The Sims,FIFA,Genshin Impact","+1-389-187-7682",0
"erinstone47","h704lH83Tpj","customer","Counter-Strike,Overwatch,Rocket League","+1-691-755-4396",0
"erintaylor88","TXXAU2YF","customer","Call of Duty,Among Us,Overwatch,Battlefield,Destiny 2","+1-333-592-4724",0
"ethanperez56","4avWYAKXlgR","customer","Battlefield,Overwatch,The Sims","+1-583-221-5538",0
"fernandohall40","gAE5aAt","customer","Halo,Overwatch,Genshin Impact,Destiny 2","+1-942-820-3532",0
"gabriellawhitehead47","eaxw63z9G","customer","League of Legends","+1-656-751-6430",0
"garycooper52","0MXi8","customer","Overwatch,Dota 2,Minecraft,Halo,Rocket League","+1-739-850-9723",0
"garyford87","M71iquJM","customer","Overwatch,Valorant,Roblox,Dota 2","+1-359-825-8184",0
"georgeperez40","6OGtggXEvvJ","customer","Valorant,The Sims,Call of Duty,World of Warcraft","+1-489-966-9611",0
"ginaharris14","oWu","customer","Valorant,Fortnite,The Sims,PUBG,Roblox","+1-388-820-7368",0
"glennwalsh67","XijNkt","customer","Battlefield","+1-338-763-4389",0
"gregoryluna93","Ozr1G1yMA","customer","Battlefield,Valorant,The Sims,League of Legends","+1-516-312-7721",0
"heathermacdonald4","ND8jJpb","customer","World of Warcraft,Valorant,PUBG,Apex Legends,Rocket League","+1-608-317-8212",0
"henrybennett16","l3kF","customer","Minecraft,Genshin Impact,Roblox,Rocket League,Overwatch","+1-165-660-9423",0
"herberthaley47","0yb0F1","customer","Apex Legends,World of Warcraft","+1-951-737-9869",0
"hollystanley18","VfAMHM1J","customer","PUBG,Dota 2,Call of Duty,Minecraft,Valorant","+1-623-150-3186",0
"howardhendricksdds35","qBaQuyB","customer","Destiny 2","+1-168-408-4657",0
"hunternash76","FCK50Mh","customer","Overwatch","+1-437-614-8732",0
"iannguyen60","HZqrmXBo0","customer","Destiny 2,Overwatch","+1-175-503-8480",0
"ianthomas69","xTZUH0D5U","customer","Dota 2,Among Us","+1-482-319-2227",0
"jacobcabrera36","MWu8CdE","customer","Roblox,Minecraft,Halo,Overwatch,FIFA","+1-407-185-7759",0
"jacobclark96","OSqMzzRV4","customer","Roblox,PUBG","+1-848-481-4850",0
"jacobrojas72","QFFJfYHoZHO","customer","Dota 2,Among Us,Overwatch","+1-477-245-6562",0
"jacobwells54","mgJNMiT","customer","Battlefield,Destiny 2,Valorant,League of Legends,Apex Legends","+1-856-948-1966",0
"jacquelinelewis42","LPQ1emhg8r","customer","The Sims,Roblox,Counter-Strike,Overwatch","+1-978-764-9919",0
"jaimestevensjr.69","32Zj5gOHb","customer","Call of Duty,FIFA","+1-732-271-6325",0
"jamesaustin11","x9Xw0dgrf","customer","PUBG,Battlefield,Call of Duty,FIFA,Rocket League","+1-757-812-3624",0
"jamesbarnes22","UpzJZYre2","customer","Minecraft","+1-425-776-3306",0
"jamesbooth68","1w0NWXjijLF","customer","Destiny 2","+1-914-285-1692",0
"jamescarter59","nozr7L2mYJ","customer","Fortnite,Genshin Impact","+1-183-890-7149",0
"jamesdavis65","s9ys1YB","customer","Minecraft,Destiny 2,League of Legends,Valorant","+1-567-394-5118",0
"jamesglover82","DmrWJjQCqp","customer","PUBG,FIFA,Call of Duty","+1-749-778-2349",0
"jameshester39","zgTnDP81","customer","Apex Legends,Fortnite,Minecraft","+1-672-481-9939",0
"jamesjenkins15","HDDLqVrQ","customer","Among Us,Rocket League,Fortnite,The Sims","+1-329-962-2573",0
"jamesmarsh79","Ys8bQCXs","customer","Apex Legends,Destiny 2,Counter-Strike,Rocket League,Valorant","+1-764-384-9322",0
"jamesmolina58","4p1xuS3K7","customer","Counter-Strike","+1-969-377-6881",0
"jamesmoss29","zDQq3J0aN","customer","Call of Duty,Dota 2,World of Warcraft,FIFA","+1-241-784-7394",0
"jamesstewart6","t1KIjiTqyN","customer","Overwatch","+1-716-301-2046",0
"jamiecrawford46","vyaEqx","customer","Call of Duty,PUBG","+1-705-842-3182",0
"jamiegoodman62","BZea2EkCs","customer","Minecraft,Destiny 2,The Sims,Overwatch","+1-621-982-3207",0
"janetwright51","7QuRVn","customer","The Sims,Rocket League","+1-831-158-1019",0
"jaredporter90","YYqThae9YjI","customer","Rocket League","+1-495-347-1948",0
"jasonbarajas91","91iy1T9OWv","customer","Genshin Impact,The Sims","+1-150-878-7550",0
"jasoncruz44","Jf8xhHdi","customer","Apex Legends,Halo","+1-580-333-6194",0
"jasoncurtis2","2PyAdbJF","customer","Rocket League,Apex Legends,PUBG","+1-505-757-5294",0
"jasonfox89","vNKqnJH","customer","PUBG,Destiny 2,Dota 2","+1-497-981-2366",0
"jasonhurst3","JnxXAzI","customer","World of Warcraft,PUBG,Minecraft,Apex Legends,Call of Duty","+1-968-342-5894",0
"jasonrhodes96","eMSyA","customer","Minecraft,Fortnite,Counter-Strike","+1-973-456-6692",0
"jasonroberts3","YuCep4KW9j","customer","Among Us,Genshin Impact,FIFA,League of Legends","+1-685-898-9702",0
"jasonrodriguez8","waZj9","customer","FIFA,Halo,Battlefield,Call of Duty","+1-723-397-8215",0
"jasonwhite78","fmJFtijNLXe","customer","Among Us,Fortnite","+1-423-259-7293",0
"javierromerojr.26","UoKbYLh","customer","World of Warcraft,Minecraft","+1-387-646-4484",0
"jeanettegray55","GljzR6bhbM","customer","League of Legends","+1-583-337-5193",0
"jeffreycross87","u6bSaL","customer","Fortnite","+1-591-521-1589",0
"jeffreymason72","Q1VVwaFWH","customer","Fortnite,Rocket League,Valorant,Apex Legends","+1-291-766-5888",0
"jenniferburnett5","WiP7XwvjwL","customer","Battlefield,Counter-Strike,PUBG,Call of Duty","+1-239-407-5046",0
"jennifergarcia61","rdcbt","customer","FIFA,PUBG,Genshin Impact,Call of Duty","+1-446-700-5835",0
"jenniferkrause41","vP6aBc6","customer","Rocket League,Among Us,World of Warcraft","+1-680-175-6706",0
"jeremyjackson27","MeB0DXG37","customer","Halo,The Sims,Genshin Impact","+1-676-978-7706",0
"jeremymitchell79","lCjzf6vQV","customer","Fortnite,Dota 2,Overwatch","+1-392-704-3693",0
"jessicahart69","dNp9sDP","customer","Destiny 2,Minecraft,Halo","+1-639-250-1583",0
"jessicamontgomery81","e0lfiieJ","customer","Valorant,Counter-Strike","+1-176-450-5691",0
"jessicarogers46","axk2ib2F","customer","FIFA,Fortnite,The Sims,Battlefield","+1-197-441-7879",0
"jesusfranklin20","mc1ZpBOz2Vs","customer","Rocket League,League of Legends,Call of Duty,Among Us,Genshin Impact","+1-756-318-3956",0
"jillianshaw89","gY5E2uKX","customer","Minecraft,Halo,Fortnite,FIFA,Genshin Impact","+1-556-596-3574",0
"jimmymorse27","wEEgVVd1","customer","Halo,Valorant,Among Us,Minecraft","+1-335-327-4600",0
"joannemartinez46","HOmk4A9s","customer","Minecraft,The Sims,Call of Duty,Destiny 2","+1-696-383-1118",0
"joebryant51","lGLaBH8r","customer","Among Us,Halo","+1-949-515-7776",0
"joelmorris1","cixmIpN","customer","Dota 2,Halo","+1-654-186-8371",0
"johngallagher16","2PlvRKAH6","customer","FIFA,Valorant,World of Warcraft,PUBG,The Sims","+1-236-909-8316",0
"johnjennings28","DyFQYCLu5o","customer","Minecraft,Rocket League,Halo,League of Legends,Fortnite","+1-101-943-2295",0
"johnking11","wF7tFcSPv","customer","Genshin Impact","+1-932-988-6398",0
"johnwright34","AoChvRx","customer","League of Legends,The Sims,World of Warcraft,Rocket League,Battlefield","+1-482-570-1001",0
"jonathanbarnett1","cplRcmMvoZ","customer","League of Legends,Minecraft,The Sims,Counter-Strike,Overwatch","+1-756-500-9911",0
"jonathanvillarreal19","Z9JTh6Ll","customer","Fortnite,Halo","+1-495-110-5171",0
"jordanlogandvm7","d5mlSHDGd","customer","Destiny 2,FIFA","+1-390-265-4441",0
"jordanwilcox58","ayNa7mt","customer","PUBG,Among Us,Minecraft","+1-954-959-8135",0
"jorgewashington47","KWIyzo5KZP","customer","PUBG","+1-775-580-7783",0
"josecervantes47","YTsbgZ","customer","Call of Duty,World of Warcraft,League of Legends","+1-451-392-9455",0
"josehensley82","NLig9rH0n","customer","Dota 2,Among Us,Genshin Impact,Valorant","+1-309-136-3583",0
"josehill33","O2WS6n9uB","customer","Overwatch,Roblox,Destiny 2,Call of Duty","+1-875-704-1381",0
"josekhan46","0C8Mi7","customer","Counter-Strike","+1-572-494-6066",0
"josephcalhoun30","S0KJ7N2XAy","customer","Battlefield,Valorant,Among Us,Overwatch","+1-227-457-8187",0
"josephcombs85","hUllzC","customer","Minecraft,PUBG,World of Warcraft,The Sims","+1-812-235-8556",0
"josephglenn97","Hajrkfn1AT9","customer","Among Us","+1-281-721-9273",0
"josephjones74","6hQFTFaqL5","customer","PUBG,The Sims,Genshin Impact,Minecraft,Halo","+1-948-745-5210",0
"josephunderwood82","bVcLQ8L8","customer","Rocket League,PUBG,Minecraft,Fortnite,Dota 2","+1-987-912-7269",0
"josephwilliams40","tZ4b1MZSEr","customer","Roblox,World of Warcraft","+1-497-865-4942",0
"joshuacook48","","customer","Halo,The Sims,Genshin Impact,Fortnite","+1-899-221-5726",0
"joshuaharris25","jqVMYZ5K","customer","Counter-Strike","+1-870-665-1767",0
"joshuajohnson36","CN1GVQXDTkw","customer","The Sims,Apex Legends,Counter-Strike,League of Legends,PUBG","+1-464-231-2233",0
"joshualopez47","dUZd3F1","customer","FIFA,Battlefield,Fortnite,Destiny 2","+1-121-899-8716",0
"joshuamiller39","MZTUAfW2s","customer","World of Warcraft,Rocket League,Valorant,The Sims","+1-625-299-3812",0
"joycecooley63","kntNRgJec","customer","Minecraft,Overwatch,Call of Duty","+1-390-580-4177",0
"juancarr74","DbPhGd8n","customer","Halo,Minecraft,Rocket League,Counter-Strike","+1-246-781-8730",0
"judithcross9","Respp5oeD","customer","Among Us,Fortnite,Battlefield,Valorant,PUBG","+1-828-140-1966",0
"juliamiller96","w1Luwxd","customer","Dota 2,World of Warcraft,Battlefield,Destiny 2","+1-489-981-5269",0
"juliemiranda47","XDXIB","customer","PUBG,Roblox,Among Us","+1-908-196-8364",0
"julieweaver49","9C6MIKh2wm","customer","Overwatch,Genshin Impact,PUBG,Battlefield,Dota 2","+1-291-298-9242",0
"justinbest25","rWTIOx","customer","Counter-Strike,FIFA,Call of Duty,Fortnite","+1-504-699-4149",0
"justinharrisonjr.32","jU8OXi6AT","customer","Minecraft,Rocket League","+1-617-373-1145",0
"karenli69","N7PJFWXbhR","customer","Battlefield,Fortnite","+1-838-135-8845",0
"karenmccarthy57","7PqooeGvkQ","customer","Dota 2,Roblox","+1-991-241-3939",0
"karirodriguez90","RQ0E8lGza","customer","Apex Legends,Minecraft,Among Us,Dota 2","+1-782-220-1142",0
"katelynpage38","UUcWmtor","customer","Roblox,Destiny 2","+1-277-300-7622",0
"katherinelawson74","nsDRPd6rM","customer","FIFA","+1-771-374-8473",0
"katiepotts4","vCJjOSW","customer","FIFA,Halo,Dota 2","+1-616-801-8066",0
"katiewallace69","ZdIQXKl07","customer","Roblox,Overwatch,Apex Legends","+1-999-934-4879",0
"kaylathornton16","8e6I3","customer","Counter-Strike,Overwatch,World of Warcraft","+1-234-920-4350",0
"kellywilson60","e54DZnInlf","customer","Counter-Strike,Overwatch,PUBG","+1-916-877-3872",0
"kennethgray48","kUXYZW","customer","World of Warcraft,Counter-Strike","+1-668-432-8012",0
"kennethmckinney84","h5NSte13","customer","FIFA","+1-720-527-5924",0
"kennethyoung78","L1LYakr","customer","Dota 2","+1-623-183-1677",0
"kevincarter23","HnQv5gH","customer","PUBG,Counter-Strike","+1-943-581-8589",0
"kevincurtis33","jDXZpBOTH","customer","Fortnite,Minecraft,Roblox,Overwatch,FIFA","+1-428-314-3561",0
"kevinpowell90","r64soL2A","customer","Genshin Impact,Apex Legends,PUBG,Call of Duty,Fortnite","+1-416-377-5808",0
"kevinwilson96","6sHaBl","customer","Overwatch,FIFA,Minecraft","+1-586-517-7417",0
"kimberlycole16","xRb8aVhlH2i","customer","FIFA,Genshin Impact","+1-917-475-2153",0
"kimberlyrivera71","smeczoBmfD","customer","Overwatch,FIFA,Call of Duty,Minecraft","+1-741-340-3145",0
"kimberlyruiz63","BROWTgU","customer","Rocket League,Destiny 2,Counter-Strike","+1-104-720-7444",0
"kimberlythomas6","NzGOtT","customer","League of Legends","+1-833-793-4217",0
"kimjones86","rVWvDl","customer","Counter-Strike,Battlefield,PUBG,Rocket League,Minecraft","+1-994-144-5477",0
"kristabryant36","xurTqntn","customer","Overwatch","+1-448-373-8945",0
"kristennash15","MbM4Rw","customer","Apex Legends,Counter-Strike,Minecraft","+1-435-543-2171",0
"kristinecarter82","IOkZCBxHgz7","customer","Overwatch,Among Us,Fortnite","+1-680-414-9872",0
"larrygreen48","W5gUZk9t6J","customer","League of Legends,Valorant","+1-593-414-5213",0
"laurarusso95","b5AAPRrxhS","customer","PUBG,FIFA,Halo,Roblox","+1-958-229-3200",0
"laurathompson16","zxouPTb","customer","Call of Duty,Dota 2","+1-385-701-4073",0
"lauriecarroll8","HHFHB16y","customer","Rocket League,Counter-Strike","+1-584-352-1920",0
"lawrencesuarez35","jx14QMJ","customer","World of Warcraft,Battlefield","+1-711-606-4455",0
"leahporter59","o0tC","customer","FIFA,League of Legends,Valorant,Minecraft","+1-623-545-5557",0
"lindseyburgess16","R8jEF9f","customer","FIFA","+1-945-272-6118",0
"lindseygeorge16","RSwqBivh8","customer","World of Warcraft,Among Us,Call of Duty,Apex Legends","+1-706-313-7081",0
"lisadean94","hSjvXlt","customer","Halo","+1-255-655-9181",0
"lisahaynes52","zX8s7Uv","customer","Minecraft,Destiny 2","+1-588-100-1181",0
"lisahill3","yfcAlhj","customer","Battlefield,Destiny 2,Rocket League","+1-830-281-7927",0
"lisajohnson48","r6O4JYRCD","customer","Among Us","+1-338-412-3271",0
"lisamcconnell77","SwwFnVA6u","customer","Rocket League","+1-374-688-8101",0
"lisamiller61","LuXXSC0QbU","customer","League of Legends,Counter-Strike,Roblox","+1-393-215-8999",0
"lisathompson72","oPBkkqR","customer","World of Warcraft,Minecraft,FIFA","+1-913-989-6577",0
"loganmedina27","xH9bMYed6","customer","Dota 2,Battlefield,The Sims,Among Us,Apex Legends","+1-692-610-7481",0
"loricharles36","oewdhTtWyJ","customer","Rocket League,The Sims","+1-272-414-9426",0
"louisrivas44","o84qlT","customer","World of Warcraft,Battlefield,Destiny 2","+1-221-634-5694",0
"lynnowens97","Ckg0SUHb","customer","Battlefield,Valorant,League of Legends,World of Warcraft,The Sims","+1-624-582-6147",0
"madisonrodriguez78","55whzCP","customer","Overwatch,Call of Duty","+1-159-729-3035",0
"madisonzimmerman55","PYPl66hPy3P","customer","Apex Legends,Valorant,Roblox,Among Us","+1-778-484-4327",0
"margaretshepard1","A5pD0Hv4SX","customer","Call of Duty,Battlefield","+1-331-568-8196",0
"mariakramer2","yRm0ljh9x","customer","Overwatch,Counter-Strike","+1-611-673-4018",0
"mariamerritt19","J9Hie8E0s","customer","Roblox,Counter-Strike,Call of Duty,Valorant,World of Warcraft","+1-942-654-2834",0
"marioscott3","z7vBqplp","customer","FIFA","+1-341-465-4517",0
"markblair80","w6BfdPgb6","customer","Dota 2,League of Legends,Roblox,Battlefield,Call of Duty","+1-893-146-4976",0
"markcooper43","xaKAD5Lwu","customer","Battlefield,Rocket League","+1-546-973-8966",0
"markduke65","Vnnw5Xhs","customer","Dota 2,Among Us","+1-546-742-4015",0
"markhensley99","gP6lg0","customer","Genshin Impact,Dota 2,Destiny 2","+1-161-757-8702",0
"markrobertson80","bNc4wu","customer","The Sims,Roblox,Among Us","+1-991-629-3832",0
"marthanelson80","iUJLR1ZQ","customer","FIFA,Dota 2,Among Us,Fortnite,Minecraft","+1-830-846-1933",0
"maryball99","d7BbSHc8M","customer","League of Legends","+1-820-461-6205",0
"marymoody46","gRZeSnHAw","customer","FIFA,Roblox,League of Legends","+1-535-463-1157",0
"mathewhart69","jkpu9K8W","customer","World of Warcraft,Halo","+1-707-266-1183",0
"matthewfleming11","ykkAAcQv","customer","FIFA,Counter-Strike,Halo,Destiny 2,Genshin Impact","+1-561-468-9826",0
"matthewhaley96","ingH4rn","customer","Call of Duty,Overwatch","+1-216-430-3081",0
"matthewhaney66","ioFLSm5","customer","Roblox,League of Legends","+1-582-887-3387",0
"matthewrichard61","lslt43F","customer","Battlefield,PUBG,Dota 2,Valorant","+1-820-123-7717",0
"matthewsmith69","Fz0kcWx49","customer","Roblox,Genshin Impact","+1-897-901-2972",0
"matthewtorres48","hWqrc8Nr2","customer","Apex Legends,PUBG,FIFA","+1-300-709-3736",0
"matthewwright26","Mx8vs4W","customer","PUBG,FIFA,Battlefield,Minecraft,Apex Legends","+1-779-776-7148",0
"maureenkelly23","DbuH9tSTq","customer","Dota 2,Rocket League,Among Us,Call of Duty,Halo","+1-393-249-2175",0
"meghanpratt63","vWvmcWDga","customer","Overwatch,League of Legends,Rocket League,Apex Legends,Roblox","+1-603-326-3600",0
"melaniemontoya9","5ZYJnltNM","customer","Valorant","+1-985-961-2204",0
"melindajohnson30","tSZzJ7n","customer","Minecraft,Among Us","+1-311-185-4646",0
"melissacoleman98","oNeRe2","customer","Fortnite","+1-892-580-1581",0
"melissafloyd42","uD0CFKOxgE","customer","League of Legends,Among Us,Apex Legends,Call of Duty,FIFA","+1-931-402-6586",0
"melissakelly67","CtcF0","customer","Fortnite,Halo,PUBG","+1-332-703-5796",0
"melissalittle39","b55XA","customer","Roblox","+1-860-956-4246",0
"melissawalsh61","Lo8e90k","customer","World of Warcraft,Battlefield","+1-825-929-6783",0
"michaeledwards19","ETUAr","customer","Call of Duty,Halo,Genshin Impact,League of Legends","+1-207-562-4316",0
"michaelmathews8","TTR6P00R3","customer","Roblox,Fortnite,PUBG,Battlefield","+1-668-933-3541",0
"michaelmiller49","OwIukN0nqt2","customer","Genshin Impact,Roblox,FIFA","+1-160-478-6809",0
"michaelmorrison63","S2qpkfLq","customer","Call of Duty,World of Warcraft,Minecraft","+1-282-628-2953",0
"michaeloliver68","3ZCPid","customer","Valorant,Minecraft,Roblox","+1-370-719-4149",0
"michaelparks46","xwNOMj2","customer","Genshin Impact","+1-972-138-8111",0
"michaelperez8","HZNtqpSIG","customer","Fortnite,Dota 2,Genshin Impact","+1-809-800-4622",0
"michaelphelps88","eJBYQF4","customer","Counter-Strike,Halo","+1-828-975-8077",0
"michaelwarner21","Wug863hzS","customer","Battlefield,Overwatch,PUBG","+1-463-922-3439",0
"michealgarcia32","GZOxQi","customer","PUBG,Halo,The Sims,Overwatch,Battlefield","+1-959-210-9385",0
"michelebarker60","cmMdRv","customer","FIFA","+1-248-848-9932",0
"michelecole18","qbqCe3bAm","customer","Rocket League,Valorant,The Sims,League of Legends","+1-588-443-4822",0
"michellecowan99","waaHEF","customer","The Sims","+1-275-281-2900",0
"michellegates27","7hWuzAe","customer","Roblox,Among Us,Minecraft,Fortnite,Destiny 2","+1-499-346-6464",0
"michellesmith5","6rYeOwVE","customer","Call of Duty,Battlefield,The Sims","+1-769-942-9497",0
"miguelglenn25","fcr1h0VEm","customer","Fortnite,Roblox,League of Legends,Halo","+1-141-697-8551",0
"miguelsmith25","QbgPGHap","customer","Roblox","+1-272-910-9560",0
"mikeedwards59","0i8BdhakTS","customer","Genshin Impact,PUBG","+1-528-321-8846",0
"misscarmenyatesmd67","sGZazoJ2n","customer","Destiny 2,Among Us,Call of Duty,Minecraft","+1-149-509-4639",0
"missdiamondcoxdds98","t5nlAA2l","customer","Roblox,Valorant,Fortnite","+1-417-482-1042",0
"mollystone81","ISVsepR","customer","The Sims,Minecraft,Genshin Impact","+1-791-571-5191",0
"anthonyknox99","B35AQK0wN02","customer","Counter-Strike,Destiny 2","+1-882-638-2279",0
"devinjonesmd4","9WYRuIY6H","customer","World of Warcraft,Valorant","+1-279-493-6259",0
"jamesanthony95","hBpRiT","customer","Battlefield","+1-477-648-1259",0
"jefferywagner6","CrSe1BK5","customer","Overwatch,PUBG,World of Warcraft","+1-682-986-1326",0
"anitacox70","MnRHQogJ","customer","Apex Legends,Roblox","+1-384-488-8096",0
"nancyclark40","8yh6By","customer","Roblox","+1-179-836-5709",0
"nataliemacdonald86","lh6uPvcz4S","customer","Among Us","+1-129-496-3621",0
"nataliemarks62","5aOs5iguyVB","customer","Roblox,Minecraft,PUBG,Counter-Strike,Among Us","+1-777-462-3410",0
"nataliemitchell51","5LUbTvxz","customer","Roblox,Valorant","+1-256-246-5139",0
"natalievalentine53","r0uLG","customer","Halo,FIFA,PUBG,Destiny 2","+1-639-951-7943",0
"natashaberry56","8uboZ9zPJG","customer","Valorant,World of Warcraft","+1-785-442-8842",0
"nicholaskrueger69","zvs864ya0ne","customer","Roblox,FIFA,League of Legends,Counter-Strike","+1-783-718-6873",0
"nicholasmann60","Zyu42yeE","customer","Valorant,FIFA,Apex Legends","+1-776-998-8723",0
"nicholasrichards10","5uDCruRzWl","customer","Dota 2","+1-746-500-8787",0
"nicoledavies72","HEFzhdGB","customer","Roblox","+1-851-569-4098",0
"nicolekelly27","LN6EoJ3X","customer","Apex Legends,Dota 2","+1-967-936-1929",0
"nicoleparrish56","xrqSAUxr","customer","League of Legends,Battlefield,Valorant","+1-817-522-5491",0
"nicolewatson37","FEJ8qYB6","customer","Rocket League,Roblox","+1-192-430-8940",0
"noahherman70","rki3Utq0","customer","Counter-Strike","+1-202-910-1591",0
"oliviadavidson27","QgmFMuxjN","customer","Among Us,Roblox,Valorant","+1-276-292-4690",0
"oliviapierce84","K6AbhnxgsgN","customer","Halo","+1-790-546-7638",0
"omarewing94","MN6qsJzCSx","customer","FIFA,Apex Legends,PUBG","+1-423-999-9896",0
"oscarmann25","Sokfwcdo","customer","Call of Duty","+1-967-669-5737",0
"pamelamorris81","iEyMsU96b","customer","Valorant,Halo,Destiny 2","+1-502-595-2915",0
"patriciafranklin11","qTXqhMEqNv","customer","Apex Legends,League of Legends,Dota 2","+1-349-762-2521",0
"paulschmidt47","OfNxOrGwa","customer","Halo,The Sims,Roblox,Genshin Impact,Apex Legends","+1-952-659-8349",0
"pennycochran48","eiSUzA0T","customer","Minecraft","+1-278-100-3546",0
"petermason23","0cPhva4","customer","The Sims","+1-493-642-8090",0
"rachelgraham51","qW2fgOzw","customer","Destiny 2,Counter-Strike","+1-470-872-4848",0
"rachellewis54","Gcxt5s9","customer","Valorant,Destiny 2,Counter-Strike,World of Warcraft","+1-542-900-7924",0
"rachelmitchell91","e3qnAx5M5","customer","Halo,Battlefield,Minecraft,Genshin Impact","+1-248-503-1469",0
"randallsmith33","MKCA2N2Wi3","customer","The Sims,Fortnite,Rocket League,Halo","+1-808-530-4319",0
"raymondnicholson83","fgknkc4q","customer","Valorant,Roblox,Genshin Impact,Battlefield,Counter-Strike","+1-494-807-7512",0
"rebeccasmith56","b68UQ","customer","Destiny 2,Apex Legends,Halo","+1-286-821-3495",0
"rebeccavazquez42","f0tynqw","customer","Fortnite,Roblox","+1-823-196-8576",0
"rhondaduffy97","ztwNEM2P6","customer","Counter-Strike,Valorant","+1-712-915-6444",0
"ricardocoleman86","VoROad","customer","Dota 2,FIFA,Battlefield,Roblox,The Sims","+1-263-358-5848",0
"richardcrawford59","NYK037NqZV","customer","Halo,Valorant,Battlefield,Dota 2","+1-408-335-9387",0
"richardhampton31","iuxEpWztU","customer","Halo","+1-898-469-8577",0
"richardhood59","5MmuMD1eU","customer","Overwatch,Roblox,Battlefield","+1-572-386-3739",0
"richardmartinez43","iAEL5","customer","World of Warcraft,Rocket League,Overwatch,The Sims","+1-402-748-5621",0
"rickanderson9","6u5YBZTL","customer","Genshin Impact,Roblox","+1-641-534-8886",0
"rickmcmillan78","QTVNc9z","customer","The Sims,Rocket League,Counter-Strike,Among Us","+1-992-377-2331",0
"rickykoch47","Ngf0qRYM","customer","Valorant,Among Us,FIFA,World of Warcraft","+1-526-137-4392",0
"robertcampbell90","urVKl6Hz0i","customer","Rocket League,Valorant","+1-857-574-4203",0
"robertcunningham1","zF7om81","customer","Overwatch","+1-264-800-8256",0
"robertfleming68","1IGlunTn","customer","Dota 2","+1-302-132-4514",0
"robertjohnson35","aSDYWtvi","customer","Minecraft,Genshin Impact,FIFA,League of Legends","+1-846-690-6358",0
"robertlane43","MrBN62vXq","customer","League of Legends,Apex Legends,Battlefield","+1-389-352-7206",0
"robertolson78","Hh9xmTNaygi","customer","Rocket League,Call of Duty,Battlefield,FIFA,Counter-Strike","+1-121-319-3579",0
"robertphillips4","ac65F4b","customer","Counter-Strike,Destiny 2","+1-789-565-5931",0
"robertrandall97","KdNMlfgb","customer","Minecraft","+1-600-476-6722",0
"robertroberts18","dMz12t","customer","Valorant","+1-913-587-3454",0
"robertthompson18","QNngsT4l","customer","Apex Legends,Roblox","+1-226-471-1681",0
"robertvasquez62","d7U7iW","customer","PUBG,Roblox,Counter-Strike,Among Us","+1-310-797-4387",0
"robertwiley4","j4HTaD7X","customer","Minecraft,Rocket League,Genshin Impact,Counter-Strike","+1-709-736-8957",0
"robinparker62","kHWTOH","customer","Roblox,Minecraft","+1-369-562-9584",0
"rodneyquinndds57","HaLwENuI","customer","Counter-Strike,Apex Legends","+1-662-430-7433",0
"rodneywaller3","UFvm2BJy","customer","FIFA,Destiny 2,Dota 2,Fortnite,Valorant","+1-173-297-7439",0
"ronaldmurray25","0iufWAUK","customer","Apex Legends,Battlefield,World of Warcraft","+1-725-128-6252",0
"roygonzalez40","1pEta5kk","customer","Apex Legends,Halo","+1-541-702-4673",0
"russellvaldez1","19iQy3WY","customer","Genshin Impact,Counter-Strike,Rocket League","+1-681-492-6143",0
"ryangallagher68","OFsm8fo","customer","The Sims","+1-195-610-9064",0
"sabrinaturner18","NzskUnaU4b","customer","Dota 2,Genshin Impact,Counter-Strike,Roblox","+1-301-449-8841",0
"samanthablanchard11","1JhUGO","customer","Dota 2,World of Warcraft,Destiny 2","+1-427-447-6986",0
"samanthamartin78","3QHhdh","customer","Halo,Apex Legends,Rocket League,Genshin Impact,PUBG","+1-180-720-2038",0
"samanthastewart76","NTl27L4q","customer","Fortnite,PUBG,Call of Duty","+1-482-782-7268",0
"samanthawebb57","lpBBplXyd","customer","Call of Duty","+1-125-754-1420",0
"samuelfowler62","XmaHGXP","customer","Valorant","+1-270-660-6121",0
"sandramatthews55","JjvfBg1cX","customer","Among Us,Rocket League,World of Warcraft,The Sims,Valorant","+1-644-862-2539",0
"sarahgrant27","X6TRNQ5nL26o","customer","Overwatch,The Sims","+1-283-178-6466",0
"sarahmoore82","58A11NdGl","customer","Halo,Counter-Strike","+1-837-443-8356",0
"sarahrogers8","gWwSEcS","customer","Genshin Impact,Battlefield,Call of Duty,Apex Legends,Fortnite","+1-382-833-1657",0
"scottbruce59","v0Z4eNsh1","customer","Roblox","+1-780-614-5543",0
"scottperkins6","RgTw3Y","customer","Overwatch,Call of Duty,Battlefield,Roblox","+1-596-371-2499",0
"scottreed4","Wz2eepKJ9","customer","Counter-Strike,Dota 2,FIFA,Minecraft,Halo","+1-638-806-5982",0
"scottwarren52","cNtw4YpL","customer","Overwatch","+1-380-299-1030",0
"seancannon90","8FP4r7l","customer","Call of Duty,The Sims,Valorant","+1-726-336-4777",0
"seanolson49","0pAp7I","customer","Among Us,Destiny 2,Dota 2,Overwatch,League of Legends","+1-199-316-8304",0
"selenaclark54","QXzv3qLdmc","customer","Call of Duty,Apex Legends,The Sims","+1-388-978-6716",0
"shannonharris6","ULOYeK","customer","Among Us","+1-978-618-9249",0
"sharonramos31","RYTCOR3","customer","PUBG","+1-902-882-8604",0
"shawnlopez31","0tl1kFsae","customer","The Sims,Roblox","+1-339-743-6558",0
"shelbydiaz66","7CCSMx1","customer","Counter-Strike,Valorant","+1-879-343-6010",0
"shelbyellison85","OEqdXLk0nI","customer","Minecraft","+1-117-681-1882",0
"sherylellis73","03tCU5ZWz","customer","Fortnite,Among Us,Genshin Impact","+1-243-991-7271",0
"shirleylambert58","rDmTVJK7P","customer","Genshin Impact,FIFA,Rocket League,Minecraft","+1-438-628-5981",0
"sonianorman44","4LUVRvWS96","customer","Overwatch,Battlefield,PUBG,Valorant","+1-390-198-8279",0
"stephaniefitzgerald33","ihMLNWGfF1","customer","Battlefield,World of Warcraft,League of Legends","+1-340-675-1008",0
"stevendavis80","fVudZSlF","customer","Dota 2,Destiny 2,Fortnite,Counter-Strike,Apex Legends","+1-980-978-4406",0
"stevenguzman85","E6iAuFR6","customer","Minecraft,Rocket League,Dota 2","+1-737-326-3335",0
"stevenmarshall63","sXLQGuaV","customer","Dota 2,Call of Duty","+1-997-620-2406",0
"susanhampton91","9PySByGi","customer","Apex Legends,Dota 2","+1-231-684-5163",0
"suzanneadkins77","FGQBdd3y","customer","World of Warcraft,Among Us","+1-149-325-2609",0
"suzannegarcia54","c07yHB1","customer","FIFA,Fortnite,Among Us,The Sims,PUBG","+1-413-562-6046",0
"suzannehess40","PDbA2ZiX","customer","The Sims","+1-120-973-5243",0
"terrigriffin41","Bt9fHou","customer","Counter-Strike","+1-585-403-9792",0
"terriowens61","yjaTZn7","customer","The Sims,League of Legends,Overwatch,Roblox,Dota 2","+1-557-250-6667",0
"terrymorris26","oSTn75v","customer","Among Us,Counter-Strike,Minecraft,Genshin Impact","+1-695-344-6263",0
"terryoneal59","xLsP2SvpSLw","customer","Counter-Strike","+1-205-434-1716",0
"theresaalexander25","bsRuMOShmy8","customer","Minecraft,Counter-Strike","+1-980-830-6093",0
"thomasrosales96","WW5ZPhNh","customer","The Sims,Counter-Strike,Overwatch,PUBG,Minecraft","+1-798-233-6769",0
"tiffanyhodge25","TsnEWz4b","customer","Call of Duty,Apex Legends,Roblox","+1-481-280-3467",0
"tiffanymiller89","cCxdFOYDO","customer","Destiny 2,Rocket League,Dota 2,Halo,FIFA","+1-212-105-1407",0
"tiffanyramirez99","yawsn0EeWVN","customer","World of Warcraft,FIFA,Call of Duty,Among Us","+1-919-191-4282",0
"timothyraymond52","amUkaAit","customer","Overwatch,FIFA,The Sims","+1-658-355-7350",0
"tinaadams30","aVWlHbP","customer","Destiny 2,Apex Legends,Overwatch,FIFA,Roblox","+1-145-359-8269",0
"tinaperez51","fbsu5l","customer","Battlefield,The Sims","+1-425-546-5914",0
"tinasherman39","Xr7X1nwsQ2mi","customer","Overwatch,League of Legends,PUBG,Dota 2","+1-586-820-7857",0
"toddgordon31","m2tdHrqHG","customer","Call of Duty,Minecraft,PUBG","+1-969-862-9581",0
"traceydavis84","tkFIzoeWen","customer","Halo,Dota 2,Apex Legends,League of Legends,Among Us","+1-625-227-1757",0
"tracyjohnson49","PXVHeF7A29","customer","Minecraft,Fortnite","+1-718-913-3308",0
"tracysanchez26","jhsd38DQ","customer","League of Legends,Destiny 2,Genshin Impact,Overwatch,World of Warcraft","+1-411-163-1210",0
"travisdixon80","uPFnmDE","customer","Dota 2,Call of Duty,Valorant,The Sims,Apex Legends","+1-976-517-2963",0
"travisturner52","DLyoUz","customer","Battlefield,Genshin Impact,Destiny 2,FIFA,Among Us","+1-419-136-6176",0
"tylerarmstrong30","n1nT2EOS8Q","customer","World of Warcraft,The Sims,Halo,Among Us","+1-178-514-3974",0
"valerielee3","zrtpTfKDH","customer","Dota 2","+1-736-372-7630",0
"valeriemclaughlin17","Ind4n3HZK","customer","Genshin Impact,Halo,The Sims","+1-815-529-6521",0
"vanessahansen51","Gdlaiwf46","customer","Battlefield,League of Legends","+1-499-410-2696",0
"vanessahernandez79","JwKOq5srz","customer","Dota 2,Fortnite,Apex Legends,PUBG,League of Legends","+1-548-169-4649",0
"vickibrown2","WWCsYwh3B","customer","Halo,Minecraft","+1-854-307-4451",0
"victorlee55","HQblyq7M","customer","Halo","+1-294-895-5828",0
"victorsmith34","f2zLun1","customer","Among Us,Overwatch,Valorant,Battlefield,League of Legends","+1-604-169-8312",0
"victorweber98","ECe88j","customer","FIFA,Fortnite","+1-346-921-8538",0
"wendyhines53","ILogPYXZZa","customer","Halo","+1-212-121-6753",0
"wendymcpherson23","5NbSNZhL","customer","Dota 2","+1-846-124-1141",0
"wendyrobinson46","OGVAMsKqWa","customer","Halo,FIFA,Apex Legends,Valorant,Call of Duty","+1-237-813-1998",0
"williamjordan44","Uox7FQY2","customer","Minecraft,Roblox,World of Warcraft","+1-780-212-7731",0
"williammclean94","nVo4Ha1v6","customer","Rocket League,League of Legends","+1-917-102-1992",0
"williammiller83","y5HIPbOG3","customer","Apex Legends,Minecraft,Battlefield,League of Legends,Overwatch","+1-571-331-7636",0
"williampeterson87","KORJow2X","customer","Destiny 2,Dota 2,The Sims,Halo,Genshin Impact","+1-842-747-4597",0
"williamreeves18","Tl0SSF8","customer","PUBG,Counter-Strike,Valorant,FIFA,Roblox","+1-129-399-8660",0
"williamstewart39","wOVxFQHl","customer","The Sims,Battlefield","+1-303-574-8631",0
"yolandajames3","9qrcJWoE4U","customer","Valorant,Overwatch,Among Us,Dota 2","+1-157-730-9734",0
"yolandajohnson77","7oB71Dfe","customer","League of Legends,Among Us,Apex Legends,PUBG,World of Warcraft","+1-634-956-4613",0
"yolandapeters37","n3VTzvWe","customer","Minecraft,Among Us,FIFA","+1-978-447-5772",0
"zacharypearson18","tpin4N35","customer","Counter-Strike","+1-672-786-1142",0
"zacharyrichardson65","uwkLl2Z","customer","World of Warcraft,Valorant,Overwatch,Roblox","+1-233-257-6297",0
"zoegaines10","G3H41YPNYo","customer","Among Us,Apex Legends","+1-619-558-5537",0
"brittanyhernandez23","9FsRlnzgEn","employee","","+1-798-824-4878",0
"donnasolomon89","HyEzrYlhG","employee","","+1-302-425-4305",0
"elizabethbrooks68","4Xs6dW259","employee","","+1-322-511-4257",0
"ericharris30","xClT6KFIPI","employee","","+1-968-666-4270",0
"jordangarcia85","UXXnYGOm1","employee","","+1-369-218-3486",0
"josephskinner3","0LTM0iA","employee","","+1-864-321-5435",0
"josereilly91","HF5d8pHv","employee","","+1-255-545-3223",0
"mariojones94","56lI3yna2IJX","employee","","+1-495-972-3004",0
"markfuller69","3pzA8VG","employee","","+1-112-825-6028",0
"michaeltorres36","fKMPzEXvM","employee","","+1-413-725-9369",0
"sarahdavis28","CN8Se","employee","","+1-758-575-1508",0
"tammyhall75","LyYwa5oL","employee","","+1-554-733-5923",0
"terrimoore52","ytACFmrz4R","employee","","+1-993-414-6294",0
"tiffanygillespie80","QkCs","employee","","+1-302-382-7999",0
"tinataylor95","rbKxZp4O","employee","","+1-173-313-4078",0
"donnaavila5","NfnxupM","manager","","+1-785-958-3238",0
"garrettbaker32","HTz8YA","manager","","+1-308-419-2696",0
"mirandahart90","iWJt6njS","manager","","+1-264-984-5487",0
"scottbriggs86","CNtvqTKHht","manager","","+1-334-948-3486",0
"whitneybowen84","a8j1qBxxi","manager","","+1-360-237-4303",0
